<person>
    <fname>Andrew</fname>
    <lname>Banks</lname>
    <state>MS</state>
    <zipcode>6660605</zipcode>
</person>
<person>
    <fname>Drax</fname>
    <lname>Banks</lname>
    <state>LA</state>
    <zipcode>6808008</zipcode>
</person>
<person>
    <fname>Drath</fname>
    <lname>Vader</lname>
    <state>LA</state>
    <zipcode>6660605</zipcode>
</person>
<person>
    <fname>Han</fname>
    <lname>Solo</lname>
    <state>LA</state>
    <zipcode>6660605</zipcode>
</person>
<person>
    <fname>Andrew</fname>
    <lname>Banks</lname>
    <state>MS</state>
    <zipcode>6660605</zipcode>
</person>
