<purchaselist>
	<item>
		<name>Star Trek Enterprise Pizza Cutter</name>
		<price>22.99</price>
		<quantity>0</quantity>
	</item>
	<item>
		<name>Star Wars Death Star Tea Infuser</name>
		<price>19.99</price>
		<quantity>0</quantity>
	</item>
	<item>
		<name>Tactical BBQ Grill</name>
		<price>34.99</price>
		<quantity>0</quantity>
	</item>
	<item>
		<name>Tetris Stackable LED Desk Lamp</name>
		<price>39.99</price>
		<quantity>0</quantity>
	</item>
	<item>
		<name>Circuit Board Business Card Case</name>
		<price>28.99</price>
		<quantity>3</quantity>
	</item>
	<item>
		<name>USB Toaster Hub	</name>
		<price>24.99</price>
		<quantity>0</quantity>
	</item>
	<item>
		<name>Minecraft Sheet Magnets</name>
		<price>19.99</price>
		<quantity>0</quantity>
	</item>
	<item>
		<name>Mega Man Air Freshener</name>
		<price>1.79</price>
		<quantity>4</quantity>
	</item>
	<item>
		<name>Butterfly Knife Pen</name>
		<price>9.99</price>
		<quantity>0</quantity>
	</item>
	<item>
		<name>Origami Sticky Notes</name>
		<price>4.99</price>
		<quantity>3</quantity>
	</item>
	<item>
		<name>Like/Dislike Stamp Set</name>
		<price>12.99</price>
		<quantity>0</quantity>
	</item>
	<item>
		<name>Bacon Soap</name>
		<price>4.99</price>
		<quantity>0</quantity>
	</item>
	<item>
		<name>Shocking Pen</name>
		<price>5.99</price>
		<quantity>2</quantity>
	</item>
	<item>
		<name>Hobbit Letter Opener</name>
		<price>29.99</price>
		<quantity>0</quantity>
	</item>
	<item>
		<name>Red Swinglife Stapler</name>
		<price>24.99</price>
		<quantity>1</quantity>
	</item>
	<item>
		<name>8-bit Flower Bouquet	</name>
		<price>14.99</price>
		<quantity>1</quantity>
	</item>
	<item>
		<name>Glow in the Dark Toilet Paper</name>
		<price>4.89</price>
		<quantity>0</quantity>
	</item>
	<item>
		<name>TARDIS Mini Fridge</name>
		<price>79.99</price>
		<quantity>0</quantity>
	</item>
	<item>
		<name>42 Utility Towel</name>
		<price>12.99</price>
		<quantity>1</quantity>
	</item>
	<item>
		<name>Garden Zombie</name>
		<price>99.99</price>
		<quantity>0</quantity>
	</item>
	<item>
		<name>Monty Python Killer Rabbit Slippers</name>
		<price>39.99</price>
		<quantity>2</quantity>
	</item>
	<item>
		<name>Wampa Rug</name>
		<price>116.99</price>
		<quantity>0</quantity>
	</item>
	<item>
		<name>Tauntaun Sleeping Bag</name>
		<price>134.99</price>
		<quantity>0</quantity>
	</item>

</purchaselist>